<?xml version="1.0" encoding="UTF-8"?>
<!DOCTYPE mapper  
PUBLIC "-//mybatis.org//DTD Mapper 3.0//EN"  
"http://mybatis.org/dtd/mybatis-3-mapper.dtd">

<mapper namespace="com.team1.admin.IAdminDAO">

	<!-- 계정 - 이름 검색 -->
	<select id="searchName_Account" resultType="com.team1.admin.AdminDTO">
		SELECT USID,UNAME,NICKNAME,USERID
		FROM USERINSERT
		WHERE ${category} LIKE '%'||#{sname}||'%'
	</select>
	
	<!-- 신고처리 - 이름 검색 -->
	<select id="searchName_Received" resultType="com.team1.admin.AdminDTO">
		SELECT NUM,RECEIVEDNICKNAME,RECEIVEDNAME,RPTEXT, RPDATE, RTNAME, RECEIVER, BOARD_PENALTY
		FROM VIEW_ADMIN_BOARD_RECEIVED_USER
		WHERE ${category} LIKE '%'||#{sname}||'%'
	</select>
	
	<!--승인한 공모전 검색 -->
	<select id="searchName_ConOk" resultType="com.team1.admin.AdminDTO">
		SELECT NAME, NICKNAME,SUBJECT,PASID,PASDATE,CONID
		FROM VIEW_ADMIN_CONOK
		WHERE ${category} LIKE '%'||#{sname}||'%'
	</select>
	
	<!-- 신고된 유저 검색 -->
	<select id="searchName_Receivedlist" resultType="com.team1.admin.AdminDTO">
		SELECT NUM,BPID,RECEIVEDNICKNAME, RECEIVEDNAME, RTNAME, RPTEXT, RPDATE, RECEIVER,RPID
		FROM VIEW_ADMIN_BOARD
		WHERE ${category} LIKE '%'||#{sname}||'%'
	</select> 
	
	<!-- 휴면 계정인 유저 검색 -->
	<select id="searchName_LockUser" resultType="com.team1.admin.AdminDTO">
		SELECT NUM, UNAME, NICKNAME,ID,LASTLOGINDATE
		FROM VIEW_ADMIN_LOCKUSER
		WHERE ${category} LIKE '%'||#{sname}||'%'
	</select>		
	
	<!-- 공모전 검색 -->
	<select id="searchName_CON" resultType="com.team1.admin.AdminDTO">
		SELECT NUM,CONID,UNAME,SUBJECT,WRITEDATE,NICKNAME
		FROM VIEW_ADMIN_CON_OPEN
		WHERE ${category} LIKE '%'||#{sname}||'%'
	</select> 
	
	<!-- 관리자 검색 -->
	<select id="searchName_ADMIN" resultType="com.team1.admin.AdminDTO">
		SELECT UNAME,NICKNAME,ADMINID,ADMINDATE,GADMINID
		FROM VIEW_ADMIN_ADMINLIST
		WHERE ${category} LIKE '%'||#{sname}||'%'
	</select> 
	
	<!-- 여기여기 -->
	<!-- 신고 리스트 출력 -->
	<select id="receive_list" resultType="com.team1.admin.AdminDTO">
		SELECT NUM,BPID, RECEIVEDNAME, RTNAME, RPTEXT, RPDATE, RECEIVER,RPID
		FROM VIEW_ADMIN_BOARD
		WHERE RPID NOT IN (SELECT RPID
							FROM BOARD_RECEIVE_HANDLE)
		ORDER BY RPDATE ASC 
	</select>
	
	<!-- 신고게시물에서 상세페이지(유저 정보)로 넘어갈 때 -->
	<select id="searchUserDTO" resultType="com.team1.admin.AdminDTO">
		SELECT NUM,BPID, RECEIVEDNAME, RTNAME, RPTEXT, RPDATE, RECEIVER,RPID
		FROM VIEW_ADMIN_BOARD
		WHERE NUM= #{num }
	</select>
	
	<!-- 신고 처리(패널티 부여)된 유저 리스트 -->
	<select id="received_user" resultType="com.team1.admin.AdminDTO">
		SELECT NUM,RECEIVEDNAME,RPTEXT, RPDATE, RTNAME, RECEIVER, BOARD_PENALTY
		FROM VIEW_ADMIN_BOARD_RECEIVED_USER
	</select>
	
	<!-- 신고 처리된 유저의 정보 조회 -->
	<select id="received_info" resultType="com.team1.admin.AdminDTO">
		SELECT NUM,RECEIVEDNAME,RPTEXT, RPDATE, RTNAME, RECEIVER, BOARD_PENALTY
		FROM VIEW_ADMIN_BOARD_RECEIVED_USER
		WHERE NUM=#{num }
	</select>
	
	<!-- 게시판 신고 삭제 -->
	<delete id="Board_receive_delete">
		DELETE 
		FROM BOARD_RECEIVE
		WHERE RPID = #{rpId}
	</delete>
	
	 <!-- 패널티 부여 - 게시판 -->
	<insert id="Board_receive_Insert">
		INSERT INTO BOARD_RECEIVE_HANDLE(RHID,PNDATE,REASON,RPID,PTID,ADMINID)
		VALUES(SEQ76.NEXTVAL,SYSDATE,#{rpText},#{rpId},#{term},#{adminId})
	</insert>
	
	<!-- 여기여기 end-->
	
	
	<!--  관리자가 일반 유저의 전체 리스트 조회-->
	<select id="user_list" resultType="com.team1.admin.AdminDTO">
		SELECT NUM,USID,UNAME, NICKNAME
		FROM VIEW_ADMIN_ACCOUNTUSER
		ORDER BY USID ASC
	</select>
	
	<!-- 유저의 상세 정보 불러오기 위함 -->
	<select id="user_Info" resultType="com.team1.admin.AdminDTO">
		SELECT USID,UNAME,NICKNAME,USERID,SSDFRONT,SSDBACK,TELEPHONE,UADDRESS
		FROM USERINSERT
		WHERE USID = #{usId}
	</select>  
	
	<!-- 유저들의 성별을 구분 -->
	<select id="searchGender" resultType="java.lang.String">
		SELECT  DECODE(SUBSTR(SSDBACK,1,1), 1,'남자',2, '여자') AS UGSELECT
		FROM USERINSERT
		WHERE USID = #{usId}
	</select>
	
	<!-- 관리자 계정 부여 -->
	<insert id="adminaccount_add">
		INSERT INTO ADMIN(ADMINID, USID, ADMINDATE)
		VALUES(SEQ56.NEXTVAL, #{usId},SYSDATE)
	</insert>
	
	<!-- 관리자목록 조회 -->
	<select id="admin_list" resultType="com.team1.admin.AdminDTO">
		SELECT UNAME,NICKNAME,ADMINID,ADMINDATE,GADMINID
		FROM VIEW_ADMIN_ADMINLIST
	</select>	
	
	<!-- 관리자 권한 박탈 -->
	<delete id="admindelete">
		DELETE
		FROM ADMIN
		WHERE ADMINID = #{adminId}
	</delete>
	
	<!-- 공모전 리스트 출력 -->
	<select id="contest_list" resultType="com.team1.admin.AdminDTO">
		SELECT NUM, CONID, UNAME, SUBJECT, WRITEDATE
		FROM VIEW_ADMIN_CON_OPEN
		WHERE CONID NOT IN (SELECT CONID
		                    FROM CON_PASS)
	</select>
	
	<!--  공모전 상세 정보-->
	<select id="conInfo" resultType="com.team1.admin.AdminDTO">
		SELECT CONID,ID,UNAME,SUBJECT,CONTENT,WRITEDATE,RECRUITDATE,PEOID,ENDDATE,PROSTDATE,PROENDDATE
        			,MINNUM,MAXNUM,FIRST,SECOND,THIRD
		FROM VIEW_ADMIN_CONTEST
		WHERE CONID=#{conId}
	</select> 
	
	<!-- 공모전 승인  -->
	<select id="conOk">
		INSERT INTO CON_PASS(PASID,ADMINID,PASDATE,CONID)
		VALUES(SEQ131.NEXTVAL,#{adminId},SYSDATE,#{conId})
	</select>
	
	<!-- 관리자가 승인한 공모전 리스트 -->
	<select id="con_Oklist" resultType="com.team1.admin.AdminDTO">
		SELECT NUM,NAME,PASID,PASDATE,CONID,SUBJECT
		FROM VIEW_ADMIN_CON_PASS
	</select>
	
	
	<!-- 휴면 계정인 유저들의 리스트 -->
	<select id="lockUser_list" resultType="com.team1.admin.AdminDTO">
		SELECT NUM,ID, UNAME,NICKNAME,LASTLOGINDATE
		FROM VIEW_ADMIN_LOCKUSER
	</select>
	
	<!-- 게시판 댓글 신고 삭제 -->
	<!-- <delete id="BoardInfo_receive_delete">
		DELETE 
		FROM BANSWER_RECEIVE
		WHERE RPID = #{barpId}
	</delete> -->
	
	<!--  답변 신고 삭제 -->
	<!-- <delete id="BoardComment_receive_delete">
		DELETE 
		FROM BOARD_COMMENT_RECEIVE
		WHERE RPID = #{bcrpId}
	</delete> -->

	<!-- 패널티 부여 - 댓글 -->
	<!-- <insert id="BoardInfo_receive_Insert">
		INSERT INTO BANSWER_RECEIVE_HANDLE(RHID,PNDATE,REASON,RPID,PTID,ADMINID)
		VALUES(SEQ76.NEXTVAL,SYSDATE,#{rpText},#{rpId},#{term},2)
	</insert> -->
	
	<!-- 패널티 부여 - 답변 -->
	<!-- <insert id="BoardComment_receive_Insert">
		INSERT INTO BOARD_COMMENT_RECEIVE_HANDLE(RHID,PNDATE,REASON,RPID,PTID,ADMINID)
		VALUES(SEQ76.NEXTVAL,SYSDATE,#{rpText},#{rpId},#{term},2)
	</insert> -->
	

</mapper>

